round,date,first,second,third,fourth,fifth,sixth,bonus
1,2002.12.7,10,23,29,33,37,40,16
2,2002.12.14,9,13,21,25,32,42,2
3,2002.12.21,11,16,19,21,27,31,30
4,2002.12.28,14,27,30,31,40,42,2
5,2003.1.4,16,24,29,40,41,42,3
6,2003.1.11,14,15,26,27,40,42,34
7,2003.1.18,2,9,16,25,26,40,42
8,2003.1.25,8,19,25,34,37,39,9
9,2003.2.1,2,4,16,17,36,39,14
10,2003.2.8,9,25,30,33,41,44,6
11,2003.2.15,1,7,36,37,41,42,14
12,2003.2.22,2,11,21,25,39,45,44
13,2003.3.1,22,23,25,37,38,42,26
14,2003.3.8,2,6,12,31,33,40,15
15,2003.3.15,3,4,16,30,31,37,13
16,2003.3.22,6,7,24,37,38,40,33
17,2003.3.29,3,4,9,17,32,37,1
18,2003.4.5,3,12,13,19,32,35,29
19,2003.4.12,6,30,38,39,40,43,26
20,2003.4.19,10,14,18,20,23,30,41
21,2003.4.26,6,12,17,18,31,32,21
22,2003.5.3,4,5,6,8,17,39,25
23,2003.5.10,5,13,17,18,33,42,44
24,2003.5.17,7,8,27,29,36,43,6
25,2003.5.24,2,4,21,26,43,44,16
26,2003.5.31,4,5,7,18,20,25,31
27,2003.6.7,1,20,26,28,37,43,27
28,2003.6.14,9,18,23,25,35,37,1
29,2003.6.21,1,5,13,34,39,40,11
30,2003.6.28,8,17,20,35,36,44,4
31,2003.7.5,7,9,18,23,28,35,32
32,2003.7.12,6,14,19,25,34,44,11
33,2003.7.19,4,7,32,33,40,41,9
34,2003.7.26,9,26,35,37,40,42,2
35,2003.8.2,2,3,11,26,37,43,39
36,2003.8.9,1,10,23,26,28,40,31
37,2003.8.16,7,27,30,33,35,37,42
38,2003.8.23,16,17,22,30,37,43,36
39,2003.8.30,6,7,13,15,21,43,8
40,2003.9.6,7,13,18,19,25,26,6
41,2003.9.13,13,20,23,35,38,43,34
42,2003.9.20,17,18,19,21,23,32,1
43,2003.9.27,6,31,35,38,39,44,1
44,2003.10.4,3,11,21,30,38,45,39
45,2003.10.11,1,10,20,27,33,35,17
46,2003.10.18,8,13,15,23,31,38,39
47,2003.10.25,14,17,26,31,36,45,27
48,2003.11.1,6,10,18,26,37,38,3
49,2003.11.8,4,7,16,19,33,40,30
50,2003.11.15,2,10,12,15,22,44,1
51,2003.11.22,2,3,11,16,26,44,35
52,2003.11.29,2,4,15,16,20,29,1
53,2003.12.6,7,8,14,32,33,39,42
54,2003.12.13,1,8,21,27,36,39,37
55,2003.12.20,17,21,31,37,40,44,7
56,2003.12.27,10,14,30,31,33,37,19
57,2004.1.3,7,10,16,25,29,44,6
58,2004.1.10,10,24,25,33,40,44,1
59,2004.1.17,6,29,36,39,41,45,13
60,2004.1.24,2,8,25,36,39,42,11
61,2004.1.31,14,15,19,30,38,43,8
62,2004.2.7,3,8,15,27,29,35,21
63,2004.2.14,3,20,23,36,38,40,5
64,2004.2.21,14,15,18,21,26,36,39
65,2004.2.28,4,25,33,36,40,43,39
66,2004.3.6,2,3,7,17,22,24,45
67,2004.3.13,3,7,10,15,36,38,33
68,2004.3.20,10,12,15,16,26,39,38
69,2004.3.27,5,8,14,15,19,39,35
70,2004.4.3,5,19,22,25,28,43,26
71,2004.4.10,5,9,12,16,29,41,21
72,2004.4.17,2,4,11,17,26,27,1
73,2004.4.24,3,12,18,32,40,43,38
74,2004.5.1,6,15,17,18,35,40,23
75,2004.5.8,2,5,24,32,34,44,28
76,2004.5.15,1,3,15,22,25,37,43
77,2004.5.22,2,18,29,32,43,44,37
78,2004.5.29,10,13,25,29,33,35,38
79,2004.6.5,3,12,24,27,30,32,14
80,2004.6.12,17,18,24,25,26,30,1
81,2004.6.19,5,7,11,13,20,33,6
82,2004.6.26,1,2,3,14,27,42,39
83,2004.7.3,6,10,15,17,19,34,14
84,2004.7.10,16,23,27,34,42,45,11
85,2004.7.17,6,8,13,23,31,36,21
86,2004.7.24,2,12,37,39,41,45,33
87,2004.7.31,4,12,16,23,34,43,26
88,2004.8.7,1,17,20,24,30,41,27
89,2004.8.14,4,26,28,29,33,40,37
90,2004.8.21,17,20,29,35,38,44,10
91,2004.8.28,1,21,24,26,29,42,27
92,2004.9.4,3,14,24,33,35,36,17
93,2004.9.11,6,22,24,36,38,44,19
94,2004.9.18,5,32,34,40,41,45,6
95,2004.9.25,8,17,27,31,34,43,14
96,2004.10.2,1,3,8,21,22,31,20
97,2004.10.9,6,7,14,15,20,36,3
98,2004.10.16,6,9,16,23,24,32,43
99,2004.10.23,1,3,10,27,29,37,11
100,2004.10.30,1,7,11,23,37,42,6
101,2004.11.6,1,3,17,32,35,45,8
102,2004.11.13,17,22,24,26,35,40,42
103,2004.11.20,5,14,15,27,30,45,10
104,2004.11.27,17,32,33,34,42,44,35
105,2004.12.4,8,10,20,34,41,45,28
106,2004.12.11,4,10,12,22,24,33,29
107,2004.12.18,1,4,5,6,9,31,17
108,2004.12.25,7,18,22,23,29,44,12
109,2005.1.1,1,5,34,36,42,44,33
110,2005.1.8,7,20,22,23,29,43,1
111,2005.1.15,7,18,31,33,36,40,27
112,2005.1.22,26,29,30,33,41,42,43
113,2005.1.29,4,9,28,33,36,45,26
114,2005.2.5,11,14,19,26,28,41,2
115,2005.2.12,1,2,6,9,25,28,31
116,2005.2.19,2,4,25,31,34,37,17
117,2005.2.26,5,10,22,34,36,44,35
118,2005.3.5,3,4,10,17,19,22,38
119,2005.3.12,3,11,13,14,17,21,38
120,2005.3.19,4,6,10,11,32,37,30
121,2005.3.26,12,28,30,34,38,43,9
122,2005.4.2,1,11,16,17,36,40,8
123,2005.4.9,7,17,18,28,30,45,27
124,2005.4.16,4,16,23,25,29,42,1
125,2005.4.23,2,8,32,33,35,36,18
126,2005.4.30,7,20,22,27,40,43,1
127,2005.5.7,3,5,10,29,32,43,35
128,2005.5.14,12,30,34,36,37,45,39
129,2005.5.21,19,23,25,28,38,42,17
130,2005.5.28,7,19,24,27,42,45,31
131,2005.6.4,8,10,11,14,15,21,37
132,2005.6.11,3,17,23,34,41,45,43
133,2005.6.18,4,7,15,18,23,26,13
134,2005.6.25,3,12,20,23,31,35,43
135,2005.7.2,6,14,22,28,35,39,16
136,2005.7.9,2,16,30,36,41,42,11
137,2005.7.16,7,9,20,25,36,39,15
138,2005.7.23,10,11,27,28,37,39,19
139,2005.7.30,9,11,15,20,28,43,13
140,2005.8.6,3,13,17,18,19,28,8
141,2005.8.13,8,12,29,31,42,43,2
142,2005.8.20,12,16,30,34,40,44,19
143,2005.8.27,26,27,28,42,43,45,8
144,2005.9.3,4,15,17,26,36,37,43
145,2005.9.10,2,3,13,20,27,44,9
146,2005.9.17,2,19,27,35,41,42,25
147,2005.9.24,4,6,13,21,40,42,36
148,2005.10.1,21,25,33,34,35,36,17
149,2005.10.8,2,11,21,34,41,42,27
150,2005.10.15,2,18,25,28,37,39,16
151,2005.10.22,1,2,10,13,18,19,15
152,2005.10.29,1,5,13,26,29,34,43
153,2005.11.5,3,8,11,12,13,36,33
154,2005.11.12,6,19,21,35,40,45,20
155,2005.11.19,16,19,20,32,33,41,4
156,2005.11.26,5,18,28,30,42,45,2
157,2005.12.3,19,26,30,33,35,39,37
158,2005.12.10,4,9,13,18,21,34,7
159,2005.12.17,1,18,30,41,42,43,32
160,2005.12.24,3,7,8,34,39,41,1
161,2005.12.31,22,34,36,40,42,45,44
162,2006.1.7,1,5,21,25,38,41,24
163,2006.1.14,7,11,26,28,29,44,16
164,2006.1.21,6,9,10,11,39,41,27
165,2006.1.28,5,13,18,19,22,42,31
166,2006.2.4,9,12,27,36,39,45,14
167,2006.2.11,24,27,28,30,36,39,4
168,2006.2.18,3,10,31,40,42,43,30
169,2006.2.25,16,27,35,37,43,45,19
170,2006.3.4,2,11,13,15,31,42,10
171,2006.3.11,4,16,25,29,34,35,1
172,2006.3.18,4,19,21,24,26,41,35
173,2006.3.25,3,9,24,30,33,34,18
174,2006.4.1,13,14,18,22,35,39,16
175,2006.4.8,19,26,28,31,33,36,17
176,2006.4.15,4,17,30,32,33,34,15
177,2006.4.22,1,10,13,16,37,43,6
178,2006.4.29,1,5,11,12,18,23,9
179,2006.5.6,5,9,17,25,39,43,32
180,2006.5.13,2,15,20,21,29,34,22
181,2006.5.20,14,21,23,32,40,45,44
182,2006.5.27,13,15,27,29,34,40,35
183,2006.6.3,2,18,24,34,40,42,5
184,2006.6.10,1,2,6,16,20,33,41
185,2006.6.17,1,2,4,8,19,38,14
186,2006.6.24,4,10,14,19,21,45,9
187,2006.7.1,1,2,8,18,29,38,42
188,2006.7.8,19,24,27,30,31,34,36
189,2006.7.15,8,14,32,35,37,45,28
190,2006.7.22,8,14,18,30,31,44,15
191,2006.7.29,5,6,24,25,32,37,8
192,2006.8.5,4,8,11,18,37,45,33
193,2006.8.12,6,14,18,26,36,39,13
194,2006.8.19,15,20,23,26,39,44,28
195,2006.8.26,7,10,19,22,35,40,31
196,2006.9.2,35,36,37,41,44,45,30
197,2006.9.9,7,12,16,34,42,45,4
198,2006.9.16,12,19,20,25,41,45,2
199,2006.9.23,14,21,22,25,30,36,43
200,2006.9.30,5,6,13,14,17,20,7
201,2006.10.7,3,11,24,38,39,44,26
202,2006.10.14,12,14,27,33,39,44,17
203,2006.10.21,1,3,11,24,30,32,7
204,2006.10.28,3,12,14,35,40,45,5
205,2006.11.4,1,3,21,29,35,37,30
206,2006.11.11,1,2,3,15,20,25,43
207,2006.11.18,3,11,14,31,32,37,38
208,2006.11.25,14,25,31,34,40,44,24
209,2006.12.2,2,7,18,20,24,33,37
210,2006.12.9,10,19,22,23,25,37,39
211,2006.12.16,12,13,17,20,33,41,8
212,2006.12.23,11,12,18,21,31,38,8
213,2006.12.30,2,3,4,5,20,24,42
214,2007.1.6,5,7,20,25,28,37,32
215,2007.1.13,2,3,7,15,43,44,4
216,2007.1.20,7,16,17,33,36,40,1
217,2007.1.27,16,20,27,33,35,39,38
218,2007.2.3,1,8,14,18,29,44,20
219,2007.2.10,4,11,20,26,35,37,16
220,2007.2.17,5,11,19,21,34,43,31
221,2007.2.24,2,20,33,35,37,40,10
222,2007.3.3,5,7,28,29,39,43,44
223,2007.3.10,1,3,18,20,26,27,38
224,2007.3.17,4,19,26,27,30,42,7
225,2007.3.24,5,11,13,19,31,36,7
226,2007.3.31,2,6,8,14,21,22,34
227,2007.4.7,4,5,15,16,22,42,2
228,2007.4.14,17,25,35,36,39,44,23
229,2007.4.21,4,5,9,11,23,38,35
230,2007.4.28,5,11,14,29,32,33,12
231,2007.5.5,5,10,19,31,44,45,27
232,2007.5.12,8,9,10,12,24,44,35
233,2007.5.19,4,6,13,17,28,40,39
234,2007.5.26,13,21,22,24,26,37,4
235,2007.6.2,21,22,26,27,31,37,8
236,2007.6.9,1,4,8,13,37,39,7
237,2007.6.16,1,11,17,21,24,44,33
238,2007.6.23,2,4,15,28,31,34,35
239,2007.6.30,11,15,24,39,41,44,7
240,2007.7.7,6,10,16,40,41,43,21
241,2007.7.14,2,16,24,27,28,35,21
242,2007.7.21,4,19,20,21,32,34,43
243,2007.7.28,2,12,17,19,28,42,34
244,2007.8.4,13,16,25,36,37,38,19
245,2007.8.11,9,11,27,31,32,38,22
246,2007.8.18,13,18,21,23,26,39,15
247,2007.8.25,12,15,28,36,39,40,13
248,2007.9.1,3,8,17,23,38,45,13
249,2007.9.8,3,8,27,31,41,44,11
250,2007.9.15,19,23,30,37,43,45,38
251,2007.9.22,6,7,19,25,28,38,45
252,2007.9.29,14,23,26,31,39,45,28
253,2007.10.6,8,19,25,31,34,36,33
254,2007.10.13,1,5,19,20,24,30,27
255,2007.10.20,1,5,6,24,27,42,32
256,2007.10.27,4,11,14,21,23,43,32
257,2007.11.3,6,13,27,31,32,37,4
258,2007.11.10,14,27,30,31,38,40,17
259,2007.11.17,4,5,14,35,42,45,34
260,2007.11.24,7,12,15,24,37,40,43
261,2007.12.1,6,11,16,18,31,43,2
262,2007.12.8,9,12,24,25,29,31,36
263,2007.12.15,1,27,28,32,37,40,18
264,2007.12.22,9,16,27,36,41,44,5
265,2007.12.29,5,9,34,37,38,39,12
266,2008.1.5,3,4,9,11,22,42,37
267,2008.1.12,7,8,24,34,36,41,1
268,2008.1.19,3,10,19,24,32,45,12
269,2008.1.26,5,18,20,36,42,43,32
270,2008.2.2,5,9,12,20,21,26,27
271,2008.2.9,3,8,9,27,29,40,36
272,2008.2.16,7,9,12,27,39,43,28
273,2008.2.23,1,8,24,31,34,44,6
274,2008.3.1,13,14,15,26,35,39,25
275,2008.3.8,14,19,20,35,38,40,26
276,2008.3.15,4,15,21,33,39,41,25
277,2008.3.22,10,12,13,15,25,29,20
278,2008.3.29,3,11,37,39,41,43,13
279,2008.4.5,7,16,31,36,37,38,11
280,2008.4.12,10,11,23,24,36,37,35
281,2008.4.19,1,3,4,6,14,41,12
282,2008.4.26,2,5,10,18,31,32,30
283,2008.5.3,6,8,18,31,38,45,42
284,2008.5.10,2,7,15,24,30,45,28
285,2008.5.17,13,33,37,40,41,45,2
286,2008.5.24,1,15,19,40,42,44,17
287,2008.5.31,6,12,24,27,35,37,41
288,2008.6.7,1,12,17,28,35,41,10
289,2008.6.14,3,14,33,37,38,42,10
290,2008.6.21,8,13,18,32,39,45,7
291,2008.6.28,3,7,8,18,20,42,45
292,2008.7.5,17,18,31,32,33,34,10
293,2008.7.12,1,9,17,21,29,33,24
294,2008.7.19,6,10,17,30,37,38,40
295,2008.7.26,1,4,12,16,18,38,8
296,2008.8.2,3,8,15,27,30,45,44
297,2008.8.9,6,11,19,20,28,32,34
298,2008.8.16,5,9,27,29,37,40,19
299,2008.8.23,1,3,20,25,36,45,24
300,2008.8.30,7,9,10,12,26,38,39
301,2008.9.6,7,11,13,33,37,43,26
302,2008.9.13,13,19,20,32,38,42,4
303,2008.9.20,2,14,17,30,38,45,43
304,2008.9.27,4,10,16,26,33,41,38
305,2008.10.4,7,8,18,21,23,39,9
306,2008.10.11,4,18,23,30,34,41,19
307,2008.10.18,5,15,21,23,25,45,12
308,2008.10.25,14,15,17,19,37,45,40
309,2008.11.1,1,2,5,11,18,36,22
310,2008.11.8,1,5,19,28,34,41,16
311,2008.11.15,4,12,24,27,28,32,10
312,2008.11.22,2,3,5,6,12,20,25
313,2008.11.29,9,17,34,35,43,45,2
314,2008.12.6,15,17,19,34,38,41,2
315,2008.12.13,1,13,33,35,43,45,23
316,2008.12.20,10,11,21,27,31,39,43
317,2008.12.27,3,10,11,22,36,39,8
318,2009.1.3,2,17,19,20,34,45,21
319,2009.1.10,5,8,22,28,33,42,37
320,2009.1.17,16,19,23,25,41,45,3
321,2009.1.24,12,18,20,21,25,34,42
322,2009.1.31,9,18,29,32,38,43,20
323,2009.2.7,10,14,15,32,36,42,3
324,2009.2.14,2,4,21,25,33,36,17
325,2009.2.21,7,17,20,32,44,45,33
326,2009.2.28,16,23,25,33,36,39,40
327,2009.3.7,6,12,13,17,32,44,24
328,2009.3.14,1,6,9,16,17,28,24
329,2009.3.21,9,17,19,30,35,42,4
330,2009.3.28,3,4,16,17,19,20,23
331,2009.4.4,4,9,14,26,31,44,39
332,2009.4.11,16,17,34,36,42,45,3
333,2009.4.18,5,14,27,30,39,43,35
334,2009.4.25,13,15,21,29,39,43,33
335,2009.5.2,5,9,16,23,26,45,21
336,2009.5.9,3,5,20,34,35,44,16
337,2009.5.16,1,5,14,18,32,37,4
338,2009.5.23,2,13,34,38,42,45,16
339,2009.5.30,6,8,14,21,30,37,45
340,2009.6.6,18,24,26,29,34,38,32
341,2009.6.13,1,8,19,34,39,43,41
342,2009.6.20,1,13,14,33,34,43,25
343,2009.6.27,1,10,17,29,31,43,15
344,2009.7.4,1,2,15,28,34,45,38
345,2009.7.11,15,20,23,29,39,42,2
346,2009.7.18,5,13,14,22,44,45,33
347,2009.7.25,3,8,13,27,32,42,10
348,2009.8.1,3,14,17,20,24,31,34
349,2009.8.8,5,13,14,20,24,25,36
350,2009.8.15,1,8,18,24,29,33,35
351,2009.8.22,5,25,27,29,34,36,33
352,2009.8.29,5,16,17,20,26,41,24
353,2009.9.5,11,16,19,22,29,36,26
354,2009.9.12,14,19,36,43,44,45,1
355,2009.9.19,5,8,29,30,35,44,38
356,2009.9.26,2,8,14,25,29,45,24
357,2009.10.3,10,14,18,21,36,37,5
358,2009.10.10,1,9,10,12,21,40,37
359,2009.10.17,1,10,19,20,24,40,23
360,2009.10.24,4,16,23,25,35,40,27
361,2009.10.31,5,10,16,24,27,35,33
362,2009.11.7,2,3,22,27,30,40,29
363,2009.11.14,11,12,14,21,32,38,6
364,2009.11.21,2,5,7,14,16,40,4
365,2009.11.28,5,15,21,25,26,30,31
366,2009.12.5,5,12,19,26,27,44,38
367,2009.12.12,3,22,25,29,32,44,19
368,2009.12.19,11,21,24,30,39,45,26
369,2009.12.26,17,20,35,36,41,43,21
370,2010.1.2,16,18,24,42,44,45,17
371,2010.1.9,7,9,15,26,27,42,18
372,2010.1.16,8,11,14,16,18,21,13
373,2010.1.23,15,26,37,42,43,45,9
374,2010.1.30,11,13,15,17,25,34,26
375,2010.2.6,4,8,19,25,27,45,7
376,2010.2.13,1,11,13,24,28,40,7
377,2010.2.20,6,22,29,37,43,45,23
378,2010.2.27,5,22,29,31,34,39,43
379,2010.3.6,6,10,22,31,35,40,19
380,2010.3.13,1,2,8,17,26,37,27
381,2010.3.20,1,5,10,12,16,20,11
382,2010.3.27,10,15,22,24,27,42,19
383,2010.4.3,4,15,28,33,37,40,25
384,2010.4.10,11,22,24,32,36,38,7
385,2010.4.17,7,12,19,21,29,32,9
386,2010.4.24,4,7,10,19,31,40,26
387,2010.5.1,1,26,31,34,40,43,20
388,2010.5.8,1,8,9,17,29,32,45
389,2010.5.15,7,16,18,20,23,26,3
390,2010.5.22,16,17,28,37,39,40,15
391,2010.5.29,10,11,18,22,28,39,30
392,2010.6.5,1,3,7,8,24,42,43
393,2010.6.12,9,16,28,40,41,43,21
394,2010.6.19,1,13,20,22,25,28,15
395,2010.6.26,11,15,20,26,31,35,7
396,2010.7.3,18,20,31,34,40,45,30
397,2010.7.10,12,13,17,22,25,33,8
398,2010.7.17,10,15,20,23,42,44,7
399,2010.7.24,1,2,9,17,19,42,20
400,2010.7.31,9,21,27,34,41,43,2
401,2010.8.7,6,12,18,31,38,43,9
402,2010.8.14,5,9,15,19,22,36,32
403,2010.8.21,10,14,22,24,28,37,26
404,2010.8.28,5,20,21,24,33,40,36
405,2010.9.4,1,2,10,25,26,44,4
406,2010.9.11,7,12,21,24,27,36,45
407,2010.9.18,6,7,13,16,24,25,1
408,2010.9.25,9,20,21,22,30,37,16
409,2010.10.2,6,9,21,31,32,40,38
410,2010.10.9,1,3,18,32,40,41,16
411,2010.10.16,11,14,22,35,37,39,5
412,2010.10.23,4,7,39,41,42,45,40
413,2010.10.30,2,9,15,23,34,40,3
414,2010.11.6,2,14,15,22,23,44,43
415,2010.11.13,7,17,20,26,30,40,24
416,2010.11.20,5,6,8,11,22,26,44
417,2010.11.27,4,5,14,20,22,43,44
418,2010.12.4,11,13,15,26,28,34,31
419,2010.12.11,2,11,13,14,28,30,7
420,2010.12.18,4,9,10,29,31,34,27
421,2010.12.25,6,11,26,27,28,44,30
422,2011.1.1,8,15,19,21,34,44,12
423,2011.1.8,1,17,27,28,29,40,5
424,2011.1.15,10,11,26,31,34,44,30
425,2011.1.22,8,10,14,27,33,38,3
426,2011.1.29,4,17,18,27,39,43,19
427,2011.2.5,6,7,15,24,28,30,21
428,2011.2.12,12,16,19,22,37,40,8
429,2011.2.19,3,23,28,34,39,42,16
430,2011.2.26,1,3,16,18,30,34,44
431,2011.3.5,18,22,25,31,38,45,6
432,2011.3.12,2,3,5,11,27,39,33
433,2011.3.19,19,23,29,33,35,43,27
434,2011.3.26,3,13,20,24,33,37,35
435,2011.4.2,8,16,26,30,38,45,42
436,2011.4.9,9,14,20,22,33,34,28
437,2011.4.16,11,16,29,38,41,44,21
438,2011.4.23,6,12,20,26,29,38,45
439,2011.4.30,17,20,30,31,37,40,25
440,2011.5.7,10,22,28,34,36,44,2
441,2011.5.14,1,23,28,30,34,35,9
442,2011.5.21,25,27,29,36,38,40,41
443,2011.5.28,4,6,10,19,20,44,14
444,2011.6.4,11,13,23,35,43,45,17
445,2011.6.11,13,20,21,30,39,45,32
446,2011.6.18,1,11,12,14,26,35,6
447,2011.6.25,2,7,8,9,17,33,34
448,2011.7.2,3,7,13,27,40,41,36
449,2011.7.9,3,10,20,26,35,43,36
450,2011.7.16,6,14,19,21,23,31,13
451,2011.7.23,12,15,20,24,30,38,29
452,2011.7.30,8,10,18,30,32,34,27
453,2011.8.6,12,24,33,38,40,42,30
454,2011.8.13,13,25,27,34,38,41,10
455,2011.8.20,4,19,20,26,30,35,24
456,2011.8.27,1,7,12,18,23,27,44
457,2011.9.3,8,10,18,23,27,40,33
458,2011.9.10,4,9,10,32,36,40,18
459,2011.9.17,4,6,10,14,25,40,12
460,2011.9.24,8,11,28,30,43,45,41
461,2011.10.1,11,18,26,31,37,40,43
462,2011.10.8,3,20,24,32,37,45,4
463,2011.10.15,23,29,31,33,34,44,40
464,2011.10.22,6,12,15,34,42,44,4
465,2011.10.29,1,8,11,13,22,38,31
466,2011.11.5,4,10,13,23,32,44,20
467,2011.11.12,2,12,14,17,24,40,39
468,2011.11.19,8,13,15,28,37,43,17
469,2011.11.26,4,21,22,34,37,38,33
470,2011.12.3,10,16,20,39,41,42,27
471,2011.12.10,6,13,29,37,39,41,43
472,2011.12.17,16,25,26,31,36,43,44
473,2011.12.24,8,13,20,22,23,36,34
474,2011.12.31,4,13,18,31,33,45,43
475,2012.1.7,1,9,14,16,21,29,3
476,2012.1.14,9,12,13,15,37,38,27
477,2012.1.21,14,25,29,32,33,45,37
478,2012.1.28,18,29,30,37,39,43,8
479,2012.2.4,8,23,25,27,35,44,24
480,2012.2.11,3,5,10,17,30,31,16
481,2012.2.18,3,4,23,29,40,41,20
482,2012.2.25,1,10,16,24,25,35,43
483,2012.3.3,12,15,19,22,28,34,5
484,2012.3.10,1,3,27,28,32,45,11
485,2012.3.17,17,22,26,27,36,39,20
486,2012.3.24,1,2,23,25,38,40,43
487,2012.3.31,4,8,25,27,37,41,21
488,2012.4.7,2,8,17,30,31,38,25
489,2012.4.14,2,4,8,15,20,27,11
490,2012.4.21,2,7,26,29,40,43,42
491,2012.4.28,8,17,35,36,39,42,4
492,2012.5.5,22,27,31,35,37,40,42
493,2012.5.12,20,22,26,33,36,37,25
494,2012.5.19,5,7,8,15,30,43,22
495,2012.5.26,4,13,22,27,34,44,6
496,2012.6.2,4,13,20,29,36,41,39
497,2012.6.9,19,20,23,24,43,44,13
498,2012.6.16,13,14,24,32,39,41,3
499,2012.6.23,5,20,23,27,35,40,43
500,2012.6.30,3,4,12,20,24,34,41
501,2012.7.7,1,4,10,17,31,42,2
502,2012.7.14,6,22,28,32,34,40,26
503,2012.7.21,1,5,27,30,34,36,40
504,2012.7.28,6,14,22,26,43,44,31
505,2012.8.4,7,20,22,25,38,40,44
506,2012.8.11,6,9,11,22,24,30,31
507,2012.8.18,12,13,32,33,40,41,4
508,2012.8.25,5,27,31,34,35,43,37
509,2012.9.1,12,25,29,35,42,43,24
510,2012.9.8,12,29,32,33,39,40,42
511,2012.9.15,3,7,14,23,26,42,24
512,2012.9.22,4,5,9,13,26,27,1
513,2012.9.29,5,8,21,23,27,33,12
514,2012.10.6,1,15,20,26,35,42,9
515,2012.10.13,2,11,12,15,23,37,8
516,2012.10.20,2,8,23,41,43,44,30
517,2012.10.27,1,9,12,28,36,41,10
518,2012.11.3,14,23,30,32,34,38,6
519,2012.11.10,6,8,13,16,30,43,3
520,2012.11.17,4,22,27,28,38,40,1
521,2012.11.24,3,7,18,29,32,36,19
522,2012.12.1,4,5,13,14,37,41,11
523,2012.12.8,1,4,37,38,40,45,7
524,2012.12.15,10,11,29,38,41,45,21
525,2012.12.22,11,23,26,29,39,44,22
526,2012.12.29,7,14,17,20,35,39,31
527,2013.1.5,1,12,22,32,33,42,38
528,2013.1.12,5,17,25,31,39,40,10
529,2013.1.19,18,20,24,27,31,42,39
530,2013.1.26,16,23,27,29,33,41,22
531,2013.2.2,1,5,9,21,27,35,45
532,2013.2.9,16,17,23,24,29,44,3
533,2013.2.16,9,14,15,17,31,33,23
534,2013.2.23,10,24,26,29,37,38,32
535,2013.3.2,11,12,14,15,18,39,34
536,2013.3.9,7,8,18,32,37,43,12
537,2013.3.16,12,23,26,30,36,43,11
538,2013.3.23,6,10,18,31,32,34,11
539,2013.3.30,3,19,22,31,42,43,26
540,2013.4.6,3,12,13,15,34,36,14
541,2013.4.13,8,13,26,28,32,34,43
542,2013.4.20,5,6,19,26,41,45,34
543,2013.4.27,13,18,26,31,34,44,12
544,2013.5.4,5,17,21,25,36,44,10
545,2013.5.11,4,24,25,27,34,35,2
546,2013.5.18,8,17,20,27,37,43,6
547,2013.5.25,6,7,15,22,34,39,28
548,2013.6.1,1,12,13,21,32,45,14
549,2013.6.8,29,31,35,38,40,44,17
550,2013.6.15,1,7,14,20,34,37,41
551,2013.6.22,3,6,20,24,27,44,25
552,2013.6.29,1,10,20,32,35,40,43
553,2013.7.6,2,7,17,28,29,39,37
554,2013.7.13,13,14,17,32,41,42,6
555,2013.7.20,11,17,21,24,26,36,12
556,2013.7.27,12,20,23,28,30,44,43
557,2013.8.3,4,20,26,28,35,40,31
558,2013.8.10,12,15,19,26,40,43,29
559,2013.8.17,11,12,25,32,44,45,23
560,2013.8.24,1,4,20,23,29,45,28
561,2013.8.31,5,7,18,37,42,45,20
562,2013.9.7,4,11,13,17,20,31,33
563,2013.9.14,5,10,16,17,31,32,21
564,2013.9.21,14,19,25,26,27,34,2
565,2013.9.28,4,10,18,27,40,45,38
566,2013.10.5,4,5,6,25,26,43,41
567,2013.10.12,1,10,15,16,32,41,28
568,2013.10.19,1,3,17,20,31,44,40
569,2013.10.26,3,6,13,23,24,35,1
570,2013.11.2,1,12,26,27,29,33,42
571,2013.11.9,11,18,21,26,38,43,29
572,2013.11.16,3,13,18,33,37,45,1
573,2013.11.23,2,4,20,34,35,43,14
574,2013.11.30,14,15,16,19,25,43,2
575,2013.12.7,2,8,20,30,33,34,6
576,2013.12.14,10,11,15,25,35,41,13
577,2013.12.21,16,17,22,31,34,37,33
578,2013.12.28,5,12,14,32,34,42,16
579,2014.1.4,5,7,20,22,37,42,39
580,2014.1.11,5,7,9,11,32,35,33
581,2014.1.18,3,5,14,20,42,44,33
582,2014.1.25,2,12,14,33,40,41,25
583,2014.2.1,8,17,27,33,40,44,24
584,2014.2.8,7,18,30,39,40,41,36
585,2014.2.15,6,7,10,16,38,41,4
586,2014.2.22,2,7,12,15,21,34,5
587,2014.3.1,14,21,29,31,32,37,17
588,2014.3.8,2,8,15,22,25,41,30
589,2014.3.15,6,8,28,33,38,39,22
590,2014.3.22,20,30,36,38,41,45,23
591,2014.3.29,8,13,14,30,38,39,5
592,2014.4.5,2,5,6,13,28,44,43
593,2014.4.12,9,10,13,24,33,38,28
594,2014.4.19,2,8,13,25,28,37,3
595,2014.4.26,8,24,28,35,38,40,5
596,2014.5.3,3,4,12,14,25,43,17
597,2014.5.10,8,10,23,24,35,43,37
598,2014.5.17,4,12,24,33,38,45,22
599,2014.5.24,5,12,17,29,34,35,27
600,2014.5.31,5,11,14,27,29,36,44
601,2014.6.7,2,16,19,31,34,35,37
602,2014.6.14,13,14,22,27,30,38,2
603,2014.6.21,2,19,25,26,27,43,28
604,2014.6.28,2,6,18,21,33,34,30
605,2014.7.5,1,2,7,9,10,38,42
606,2014.7.12,1,5,6,14,20,39,22
607,2014.7.19,8,14,23,36,38,39,13
608,2014.7.26,4,8,18,19,39,44,41
609,2014.8.2,4,8,27,34,39,40,13
610,2014.8.9,14,18,20,23,28,36,33
611,2014.8.16,2,22,27,33,36,37,14
612,2014.8.23,6,9,18,19,25,33,40
613,2014.8.30,7,8,11,16,41,44,35
614,2014.9.6,8,21,25,39,40,44,18
615,2014.9.13,10,17,18,19,23,27,35
616,2014.9.20,5,13,18,23,40,45,3
617,2014.9.27,4,5,11,12,24,27,28
618,2014.10.4,8,16,25,30,42,43,15
619,2014.10.11,6,8,13,30,35,40,21
620,2014.10.18,2,16,17,32,39,45,40
621,2014.10.25,1,2,6,16,19,42,9
622,2014.11.1,9,15,16,21,28,34,24
623,2014.11.8,7,13,30,39,41,45,25
624,2014.11.15,1,7,19,26,27,35,16
625,2014.11.22,3,6,7,20,21,39,13
626,2014.11.29,13,14,26,33,40,43,15
627,2014.12.6,2,9,22,25,31,45,12
628,2014.12.13,1,7,12,15,23,42,11
629,2014.12.20,19,28,31,38,43,44,1
630,2014.12.27,8,17,21,24,27,31,15
631,2015.1.3,1,2,4,23,31,34,8
632,2015.1.10,15,18,21,32,35,44,6
633,2015.1.17,9,12,19,20,39,41,13
634,2015.1.24,4,10,11,12,20,27,38
635,2015.1.31,11,13,25,26,29,33,32
636,2015.2.7,6,7,15,16,20,31,26
637,2015.2.14,3,16,22,37,38,44,23
638,2015.2.21,7,18,22,24,31,34,6
639,2015.2.28,6,15,22,23,25,32,40
640,2015.3.7,14,15,18,21,26,35,23
641,2015.3.14,11,18,21,36,37,43,12
642,2015.3.21,8,17,18,24,39,45,32
643,2015.3.28,15,24,31,32,33,40,13
644,2015.4.4,5,13,17,23,28,36,8
645,2015.4.11,1,4,16,26,40,41,31
646,2015.4.18,2,9,24,41,43,45,30
647,2015.4.25,5,16,21,23,24,30,29
648,2015.5.2,13,19,28,37,38,43,4
649,2015.5.9,3,21,22,33,41,42,20
650,2015.5.16,3,4,7,11,31,41,35
651,2015.5.23,11,12,16,26,29,44,18
652,2015.5.30,3,13,15,40,41,44,20
653,2015.6.6,5,6,26,27,38,39,1
654,2015.6.13,16,21,26,31,36,43,6
655,2015.6.20,7,37,38,39,40,44,18
656,2015.6.27,3,7,14,16,31,40,39
657,2015.7.4,10,14,19,39,40,43,23
658,2015.7.11,8,19,25,28,32,36,37
659,2015.7.18,7,18,19,27,29,42,45
660,2015.7.25,4,9,23,33,39,44,14
661,2015.8.1,2,3,12,20,27,38,40
662,2015.8.8,5,6,9,11,15,37,26
663,2015.8.15,3,5,8,19,38,42,20
664,2015.8.22,10,20,33,36,41,44,5
665,2015.8.29,5,6,11,17,38,44,13
666,2015.9.5,2,4,6,11,17,28,16
667,2015.9.12,15,17,25,37,42,43,13
668,2015.9.19,12,14,15,24,27,32,3
669,2015.9.26,7,8,20,29,33,38,9
670,2015.10.3,11,18,26,27,40,41,25
671,2015.10.10,7,9,10,13,31,35,24
672,2015.10.17,8,21,28,31,36,45,43
673,2015.10.24,7,10,17,29,33,44,5
674,2015.10.31,9,10,14,25,27,31,11
675,2015.11.7,1,8,11,15,18,45,7
676,2015.11.14,1,8,17,34,39,45,27
677,2015.11.21,12,15,24,36,41,44,42
678,2015.11.28,4,5,6,12,25,37,45
679,2015.12.5,3,5,7,14,26,34,35
680,2015.12.12,4,10,19,29,32,42,30
681,2015.12.19,21,24,27,29,43,44,7
682,2015.12.26,17,23,27,35,38,43,2
683,2016.1.2,6,13,20,27,28,40,15
684,2016.1.9,1,11,15,17,25,39,40
685,2016.1.16,6,7,12,28,38,40,18
686,2016.1.23,7,12,15,24,25,43,13
687,2016.1.30,1,8,10,13,28,42,45
688,2016.2.6,5,15,22,23,34,35,2
689,2016.2.13,7,17,19,30,36,38,34
690,2016.2.20,24,25,33,34,38,39,43
691,2016.2.27,15,27,33,35,43,45,16
692,2016.3.5,3,11,14,15,32,36,44
693,2016.3.12,1,6,11,28,34,42,30
694,2016.3.19,7,15,20,25,33,43,12
695,2016.3.26,4,18,26,33,34,38,14
696,2016.4.2,1,7,16,18,34,38,21
697,2016.4.9,2,5,8,11,33,39,31
698,2016.4.16,3,11,13,21,33,37,18
699,2016.4.23,4,5,8,16,21,29,3
700,2016.4.30,11,23,28,29,30,44,13
701,2016.5.7,3,10,14,16,36,38,35
702,2016.5.14,3,13,16,24,26,29,9
703,2016.5.21,10,28,31,33,41,44,21
704,2016.5.28,1,4,8,23,33,42,45
705,2016.6.4,1,6,17,22,28,45,23
706,2016.6.11,3,4,6,10,28,30,37
707,2016.6.18,2,12,19,24,39,44,35
708,2016.6.25,2,10,16,19,34,45,1
709,2016.7.2,10,18,30,36,39,44,32
710,2016.7.9,3,4,9,24,25,33,10
711,2016.7.16,11,15,24,35,37,45,42
712,2016.7.23,17,20,30,31,33,45,19
713,2016.7.30,2,5,15,18,19,23,44
714,2016.8.6,1,7,22,33,37,40,20
715,2016.8.13,2,7,27,33,41,44,10
716,2016.8.20,2,6,13,16,29,30,21